id,deal_id,author,body,created_at
2,94e8e4d4-83d8-49a7-9288-8106fdf5d763,huddle-agent,"[Huddle 2026-07-06] JJesus: Contactar a Arturo
Enviar un mensaje a Arturo Vaca para dar seguimiento a la licitación de La Comer y coordinar la entrega de la presentación.",2026-07-08 15:30:26.214472+00
3,aa870e4f-3f75-4165-a9a8-72b07822d81e,huddle-agent,"[Huddle 2026-07-06] JJesus: Contactar a Pepsi
Enviar un correo electrónico de seguimiento a Pepsi para solicitar una respuesta sobre el proyecto.",2026-07-08 15:30:26.214472+00
4,06485826-79b5-4122-bd40-42cc78d4ca8f,huddle-agent,"[Huddle 2026-07-06] Mario Vidaña: Finalizar números
Terminar los cálculos comerciales para la presentación de Fibra Hotel antes del miércoles.",2026-07-08 15:30:26.214472+00
5,63590cdb-e329-42bd-8d77-c730f3fa6b03,huddle-agent,"[Huddle 2026-07-06] Alfredo Lopez Matus: Investigar oportunidad
Obtener los requerimientos técnicos y financieros del proyecto hospitalario del Seguro Social.",2026-07-08 15:30:26.214472+00
6,5276fbae-e50d-467b-83bf-6ef851bbf805,huddle-agent,"[Huddle 2026-07-06] Alfredo Lopez Matus: Revisar NAWA
Investigar los detalles y el estado actual del proyecto NAWA.",2026-07-08 15:30:26.214472+00
7,1bcaae26-bea2-44af-919e-5f5059634955,huddle-agent,"[Huddle 2026-07-06] Alfredo Lopez Matus: Recopilar Informacion
Obtener la informacion sobre el proyecto en Tulum para evaluar la capacidad necesaria.",2026-07-08 15:30:26.214472+00
